HIMNO,NOMBRE,RITMO,LINK,LYRICS
1,¡Celebremos! Celebremos la gloria de Dios,,,
2,Celebremos su gloria con gran gozo,ALBORES,,
3,"¡Santo, santo, grande, eterno Dios!",HOLY IS THE LORD,,
4,¡Santo! ¡Santo! ¡Santo! Señor omnipotente,NICEA,,
5,Cantad alegres al Señor,DUKE STREET,,
6,Vi yo al Señor sentado sobre un trono alto y sublime,,,
7,"Con cánticos, Señor",DARWALL,,
8,Maravillosa gracia vino Jesús a dar,WONDERFUL GRACE,,
9,"¡Majestad, excelsa majestad!",MAJESTY,,
10,"Sólo tú eres santo, sólo tú eres digno",QUERÉTARO,,
11,A Dios sea la gloria,MY TRIBUTE,,
12,Canta aleluya al Señor,SING ALLELUIA,,
13,"Gloria, gloria in excelsis Deo! (¡Gloria, gloria, en lo alto gloria!)",GLORIA CANON,,
14,¡Bendito seas tú...nuestro Padre desde la eternidad y hasta la eternidad!,,,
15,"¡Al Dios de Abraham, loor!",LEONI,,
16,"Alma, bendice al Señor, Rey potente de gloria",LOBE DEN HERREN,,
17,"Bueno es alabarte, oh Jehová",BUENO ES ALABARTE,,
18,¡Oh bendito Rey divino!,GLORIOUS NAME,,
19,Y bendígase el nombre tuyo,NEHEMIAS,,
20,Solemnes resuenen las voces de amor,TO GOD BE THE GLORY,,
21,"Te alabaré, Señor",ECUADOR,,
22,Bendeciré al Señor en todo tiempo,BENDECIRÉ A JEHOVÁ,,
23,"Santo, santo, santo, poderoso Dios",PRINCE,,
24,"Bendito es el Señor, enaltecido sea Dios",O MAGNIFY THE LORD,,
25,De Jehová cantaré yo las misericordias,FILLMORE,,
26,"Yo celebraré, cantaré a él",I WILL CELEBRATE,,
27,"Tuya es la gloria, la honra también",RÍO DE LA PLATA,,
28,Cantadle a una voz,ELOHIM,,
29,Bendeciré al Señor con toda mi alma,,,
30,En la voz de los raudos huracanes,,,
31,Dios ha hecho todo lo que el ojo ve,LA CREACION,,
32,"Señor, mi Dios, al contemplar los cielos",O STORE GUD,,
33,"Oh, criaturas del Señor",LASST UNS ERFREUEN,,
34,Cuando miro las estrellas,EL CREADOR,,
35,El firmamento de esplendor,CREATION,,
36,"Oh, Dios mi soberano Rey",ARLINGTON,,
37,"¡Santo, Santo Santo, Señor, Jehová!",CHAUTAUQUA (Coro),,
38,"¡Alabemos al Señor, Dios de toda creación!",SAMBRANO,,
39,Cantemos al Señor un himno de alegría,ROSAS,,
40,"Aleluya, aleluya","EXULTATE, JUBILATE",,
41,¿Quién midió las aguas con el hueco,,,
42,Cuán bellos son los pies de aquel,OUR GOD REIGNS,,
43,"Nuestra fortaleza, nuestra protección",ARMAGEDDON,,
44,"Señor Jehová, omnipotente Dios",NATIONAL HYMN,,
45,Castillo fuerte es nuestro Dios,EIN' FESTE BURG,,
46,Canten a Dios con alegría,CANTEN A DIOS,,
47,Grandes y maravillosas son tus obras,GRANDES Y MARAVILLOSAS,,
48,Al trono majestuoso del Dios de potestad,,,
49,"¡Oh, que tuviera lenguas mil",AZMON,,
50,"Te damos gracias, Señor, Dios Todopoderoso",APOCALIPSIS,,
51,Nuestra esperanza y protección,ST. ANNE,,
52,Jehová es mi luz y salvación,MI LUZ Y SALVACION,,
53,"Jehová está en medio de ti, poderoso",THE LORD THY GOD,,
54,Aquel que es poderoso,POBLANO,,
55,"Te alabarán, oh Jehová, todos los reyes",QUISQUEYA,,
56,El que habita al abrigo de Dios,ABRIGO DE DIOS,,
57,"Bueno es alabarte, oh, Jehová",,,
58,"¡Cantad, cantad, cantad, alabad a Dios!",MARION (Coro),,
59,"Oh, Dios Eterno, tu misericordia",FAITHFULNESS,,
60,Nuestro Dios y Padre eterno,TRYGGARE KAN INGEN VARA,,
61,"El Señor es mi Pastor, y nada, pues, me faltará",HIMITIAN,,
62,Eres mi protector,HIDING PLACE,,
63,¡Oh amor de Dios! Su inmensidad,LOVE OF GOD,,
64,¡Dios es amor! ¡Dios es amor!,DEL MONTE,,
65,Cuán hermosa es las luz del ocaso,WONDER OF IT ALL,,
66,"Dios mío, estoy maravillado ante tu grandeza",,,
67,"Padre eterno, me postro ante ti",HEAVENLY FATHER,,
68,A nuestro Padre Dios,AMERICA,,
69,De boca y corazón,NUN DANKET,,
70,"¡Gloria al Todopoderoso, el Autor de salvación!",,,
71,"Padre, te adoro",MARANATHA,,
72,"¡Oh Padre, eterno Dios!",ITALIAN HYMN,,
73,Te loamos ¡Oh Dios!,REVIVE US AGAIN,,
74,"Oh Dios, como es tu nombre",,,
75,Cantad al Señor un cántico nuevo,CANTAI AO SENHOR,,
76,"Santo, santo; santo, santo","HOLY, HOLY",,
77,Bendito sea el Dios y Padre de nuestro SeñorJesucristo,,,
78,"Padre, te amo, te alabo y te adoro",GLORIFY THY NAME,,
79,Eterno Padre celestial,MELITA,,
80,Dad al Padre toda gloria,I WILL PRAISE HIM,,
81,Alabad a nuestro Dios en su santuario,ACAPULCO,,
82,"Cantad alegres a Dios, habitantes de toda la tierra",,,
83,"Al Padre alabad, al Hijo load (¡Shalom javerim! ¡Shalom javerim!)",SHALOM CHAVERIM,,
84,Entraré por sus puertas con cantos de loor,I WILL ENTER,,
85,Dios está aquí,DIOS ESTA AQUI,,
86,"Yo te exalto, Dios mi Padre",I EXALT YOU,,
87,Dios es espíritu,,,
88,"Venid, nuestras voces con gozo unamos",KREMSER,,
89,Vine a alabar a Dios,ROMERO,,
90,"Te exaltaré, mi Dios, mi Rey",TE EXALTARE,,
91,"Señor, ¿quién entrará en tu santuario para adorar?",ADORACION,,
92,¡El cielo canta alegría!,ALEGRÍA,,
93,"Aleluya, aleluya",ALLELUIA,,
94,Por la mañana yo dirijo mi alabanza,AVENIDA BOLIVAR,,
95,Ante su presencia canta,HIS PRESENCE,,
96,Me despierto con ganas de verlo,PRIMICIAS,,
97,"Señor, Señor, tú antes, tú después, tú en la inmensa",,,
98,"Te amo, Rey, y levanto mi voz",I LOVE YOU LORD,,
99,Quiero alabarte más y más aún,I WANT TO PRAISE YOU,,
100,En mi vida gloria te doy,BE GLORIFIED,,
101,"Bendice, alma mía, bendice al Señor",HOLY NAME,,
102,"Canta, canta, alma mía",REGENT SQUARE,,
103,A Jehová cantaré en mi vida,,,
104,"Nunca, Dios mío, cesará mi labio",FLEMMING,,
105,Alabad al Rey del cielo,BRYN CALFARIA,,
106,"Rey de reyes, Señor de señores",KING OF KINGS,,
107,"Al Rey adorad, grandioso Señor",LYONS,,
108,"Jubilosos, te adoramos",HYMN TO JOY,,
109,José subió de Galilea,,,
110,"Y tú Belén, tierra de Judá",PEREZ,,
111,"Oh, ven, oh ven, bendito Emanuel",VENI EMMANUEL,,
112,"Dios nos amó, a su Hijo dio",EMMANUEL,,
113,Despunta el alba del nuevo día,,,
114,¡Suenen dulces himnos gratos al Señor,RING THE BELLS,,
115,"Venid pastores, venid, oh venid a Belén",VENID PASTORES,,
116,"¡Oh, pueblecito de Belén, durmiendo en dulce paz!",ST. LOUIS,,
117,Porque un niño nos es nacido,PORQUE UN NIÑO,,
118,"¡Al mundo paz, nacío Jesús!",ANTIOCH,,
119,¡Gloria a Dios en las alturas!,ST. GEORGE'S WINDSOR,,
120,"¡Oh, santísimo, felicísimo",SICILIAN MARINERS,,
121,"Venid, pastorcillos, venid a adorar",HIDING IN THEE,,
122,"Ángeles, alzad el canto",REGENT SQUARE,,
123,Ved al niñito en un pesebre,BUNESSAN,,
124,Al rústico pesebre,CRADLE SONG,,
125,"Cristianos, hoy cantad a Dios",IN DULCE JUBILO,,
126,Oíd un son en alta esfera,MENDELSSOHN,,
127,En la noche los pastores,PASTORES VELAN,,
128,¿Qué niño es el que tierno duerme en brazos de María?,GREENSLEEVES,,
129,"Allá en el pesebre, do nace Jesús",AWAY IN A MANGER,,
130,Ángeles cantando están,GLORIA,,
131,"Santa la noche, hermosas las estrellas",CANTIQUE DE NOEL,,
132,"Oh, niños de todos los pueblos venid",IHR KINDERLEIN KOMMET,,
133,"¡Noche de paz, noche de amor!",STILLE NACHT,,
134,Nuestra patria canta alegre,NAVIDAD CHAPINA,,
135,En Belén nació Jesús,MICHAEL'S BOAT,,
136,Campanas por doquier,JINGLE BELLS,,
137,De tierra lejana venimos a verle,ISLA DEL ENCANTO,,
138,Tras hermoso lucero,HERMOSO LUCERO,,
139,Tú dejaste tu trono y corona por mí,ROOM FOR THEE,,
140,"Venid, fieles todos",ADESTE FIDELES,,
141,"Oveja perdida, ven",,,
142,Maravilloso es,MIEIR,,
143,"Jesús, el buen Pastor, mostrando su tierno amor",JESUS O BOM PASTOR,,
144,Cristo tanto me amó,LAMB OF GLORY,,
145,Gloria por siempre al Cordero de Dios,GLORIA POR SIEMPRE,,
146,"El es Señor, él es Señor",HE IS LORD,,
147,Yo sé que Cristo salvó mi alma,GLORIA A TU NOMBRE,,
148,Algunos nombres de Cristo,,,
149,En el nombre de Jesús se doble,MALACATAN,,
150,Cristo es la peña de Horeb que está brotando,PEÑA DE HOREB,,
151,"Cristo, nombre glorioso",HEARN,,
152,Jesús es la roca de mi salvación,ROCA,,
153,¡Oh Cristo! nuestra Roca aquí,SHELTER,,
154,"Cristo, cual pastor, oh guía",BRADBURY,,
155,Él es la imagen del Dios invisible,CALCEDONIA,,
156,Hay un canto nuevo en mi ser,SWEETEST NAME,,
157,El mundo perdido en pecado se vio,LIGHT OF THE WORLD,,
158,Yo soy la luz del mundo,ASCENCIO,,
159,Fruto del amor divino,DIVINUM MISTERIUM,,
160,"Grande amor, sublime, eterno",PARLEPORTEN,,
161,Que Cristo me haya salvado,MY SAVIOR'S LOVE,,
162,¿Quién nos separará de amor de Cristo?,,,
163,Yo cantaré de mi Jesucristo,MY REDEEMER,,
164,¡Oh qué amor! ¡Qué inmenso amor!,INMENSO AMOR,,
165,¡Gracia admirable del Dios de amor,MOODY,,
166,Maravilloso es el gran amor,SAGINA,,
167,En tu presencia hay consuelo,PRESENCE,,
168,De su trono a un pesebre,REDEEMING LOVE,,
169,Demos gracias al Señor,DEMOS GRACIAS,,
170,Yo quisiera hablarte del amor de Cristo,WEIGLE,,
171,Con qué pagaremos,PAGAREMOS,,
172,Gracias dad a Jesucristo,TAK O GUD,,
173,Dime la historia de Cristo,STORY OF JESUS,,
174,¡Qué bella historia! de su excelsa gloria,O SOLE MIO,,
175,"¡Oh amor, profundo, inmenso amor!",RETREAT,,
176,En la cruz murió mi Jesús,VIDA ABUNDANTE,,
177,Quién es el que en Belén,WHO IS HE,,
178,"¡Maestro, se encrespan las aguas y ruge la tempestad!",PEACE BE STILL,,
179,A la casa de Jairo iba Jesús,JAIRO,,
180,"""De tu cántaro dame, dame tú de beber""",SAMARITANA,,
181,Cuando el ciego escuchó,BARTIMEO,,
182,"Al comenzar su ministerio, Jesús tenía como treinta años",,,
183,Tierra bendita y divina,PALESTINA,,
184,Palmas y flores que se ven brotar,LES RAMEAUX,,
185,"Hay poder, esperanza y amor",NAME OF THE LORD,,
186,Mantos y palmas esparciendo va,¡HOSANNA!,,
187,Cabalga majestuoso,LANCASHIRE,,
188,"Al día siguiente, cuando oyeron que Jesús venía a Jerusalén",,,
189,"Santo, santo, santo es el Señor",HOSANNA,,
190,Una noche con la luna,JERUSALEN,,
191,"¿Qué quiero, mi Jesús? . . . Quiero quererte",,,
192,Cristo nuestra ofrenda es,LEVITICO,,
193,A solas en Getsemaní el Salvador sufrió,GRIGGS,,
194,Antes de las fiesta de la Pascua,,,
195,¡Rasgóse el velo! ya no más,EVAN,,
196,El Varón de gran dolor,HALLELUJAH! WHAT A SAVIOR,,
197,Mirad al Salvador Jesús,GATE AJAR,,
198,Mi vida di por ti,KENOSIS,,
199,En la vergonzosa cruz,CROSS OF CALVARY,,
200,Los principales sacerdotes y los ancianos persuadieron,,,
201,"Pies divinos, pies divinos",PIES DIVINOS,,
202,Padeció una sola vez mi Cristo,PADECIO,,
203,Cabeza ensangrentada,PASSION CHORALE,,
204,"Venid, unidos el pendón llevad",CRUCIFER,,
205,"""Padre, perdónalos, porque no saben lo que hacen.""",,,
206,"Ese triste día, mi Jesús sufría",LAS SIETE PALABRAS,,
207,Junto a la cruz de Cristo,ST. CHRISTOPHER,,
208,Un día que el cielo sus glorias cantaba,CHAPMAN,,
209,"Manos cariñosas, manos de Jesús",MANOS CARINOSAS,,
210,Con pena amarga fui a Jesús,HUDSON,,
211,"¡Jesucristo, mi Señor! Me asombra el hecho",,,
212,La tumba le encerró,CHRIST AROSE,,
213,"Resucitó Jesús, la tumba abierta está",LEONI,,
214,Y el primer día de la semana,,,
215,"El Señor resucitó, ¡Aleluya!",EASTER HYMN,,
216,¡Aleluya! Gloria a Cristo,HYFRYDOL,,
217,"¡Gloria, gloria al Vencedor!",LLANFAIR,,
218,Jesucristo ya venció la muerte,RESUCITÓ,,
219,Resucitó Jesús el Señor,PALESTRINA (VICTORY),,
220,A ti la gloria ¡oh nuestro Señor!,JUDAS MACABEO,,
221,A Jesús crucificado lo llevaron al jardín,REDIN,,
222,Dios nos envió a su Hijo Cristo,RESURRECTION,,
223,Glorificaremos al Señor,WE WILL GLORIFY,,
224,Al Cristo vivo sirvo y él en el mundo está,ACKLEY,,
225,En la misma hora se levantaron,,,
226,Rey exaltado en gloria es Cristo Jesús,HE IS EXALTED,,
227,¡Victoria! ¡Victoria! Cantemos la gloria,ADESTE FIDELES,,
228,"Venid, adoremos a Cristo el Señor",,,
229,Hoy en gloria celestial,MADRID,,
230,"Yo vivo, Señor, porque tú vives",YO VIVO,,
231,Alabad a Cristo,HICKS,,
232,"Cordero, que bajaste del cielo",TE QUIERO,,
233,"Digno eres, digno eres",WORTHY,,
234,Digno es el Cordero que inmolado fue,HUGG,,
235,A Cristo coronad,DIADEMATA,,
236,"Cristo, Jesucristo maravilloso es Jesús",SWEET JESUS,,
237,Cariñoso Salvador,ABERYSTWYTH,,
238,Al Señor Jesús loemos,ACCLAIM,,
239,"Yo Juan,... estaba en la isla llamada Patmos",,,
240,"Ved al Cristo, Rey de gloria",CROWN HIM,,
241,Loores dad a Cristo el Rey,CORONATION,,
242,"Gloria a Cristo, gloria a Emanuel",ALL HAIL KING JESUS,,
243,Jesús es mi Rey soberano,MI REY Y MI AMIGO,,
244,"Glorioso Cristo, Rey de lo creado",CRUSADER'S HYMN,,
245,En Cristo quien por mí murío,O HOW I LOVE JESUS,,
246,"Cristo, maravilloso eres tú",BOLTON,,
247,En momentos así levanto mi voz,IN MOMENTS LIKE THESE,,
248,"Espíritu de Dios, ¡cuán maravilloso eres!",,,
249,"Santo Espíritu, excelsa paloma",EXCELSA PALOMA,,
250,Yo rogaré al Padre,,,
251,Dios nos ha dado promesa,SHOWERS OF BLESSING,,
252,Habienda oído la palabra de verdad,FUISTEIS SELLADOS,,
253,Doquier el hombre esté,COMFORTER,,
254,"Sed llenos, hermanos",SED LLENOS,,
255,En un aposento alto,TILLMAN,,
256,"Mirad, pues, con cuidado",,,
257,Espíritu de Cristo,CARSON,,
258,Santo Consolador,TRENTHAM,,
259,Espíritu del Trino Dios,IVERSON,,
260,"Transfórmame, Espíritu de Dios",MORECAMBE,,
261,Pero cuando venga el Espíritu de verdad,,,
262,Divino Espíritu de Dios,ST. AGNES,,
263,"Santo Espíritu, controla",FILL ME NOW,,
264,"Oh, divino Espíritu",FLANDERS,,
265,"El fruto del Espíritu es amor, gozo y paz",EL FRUTO DEL ESPIRITU,,
266,"Satúrame, Señor, con tu Espíritu",SATURAME,,
267,Abre mis ojos a la luz,SCOTT,,
268,Lámpara es a mis pies tu palabra,MANAGUA,,
269,"Benditó tú, oh Señor; enséñame tus estatutos",,,
270,"Santa Biblia, para mí",MADRID,,
271,"Los cielos anuncian tus obras, Señor",JOANNA,,
272,¡Cuán firme cimiento se ha dado a la fe,FOUNDATION,,
273,Todas las promesas de Señor Jesús,PROMISES,,
274,"Dame, mi buen Señor, de vida el pan",BREAD OF LIFE,,
275,Nunca se apartará de tu boca,JOSUÉ,,
276,"Padre, tu Palabra es",ALL TO CHRIST,,
277,Tu Palabra es mi cántico,UTATLÁN,,
278,"Gracias damos por la Biblia, tu Palabra es, Señor",,,
279,"Si alguno habla, hable conforme a las palabras de Dios",,,
280,¡Oh! cantádmelas otra vez,WORDS OF LIFE,,
281,La palabra del Señor,JESUS SAVES,,
282,Sembraré la simiente preciosa,WHAT MUST IT BE,,
283,Esdras preparó su corazón,ESDRAS,,
284,"Oh, Verbo encarnado",MUNICH,,
285,"Te doy gracias, Señor, por tu Palabra",,,
286,"Oh, Señor, procuro en vano",BALDERAS,,
287,"Por fe en Jesús, el Salvador",BEULAH LAND,,
288,Por cuanto todos pecaron,GRAJALES,,
289,"Oh, la sangre de Cristo",BLOOD OF JESUS,,
290,Cristo habita en mi corazón,CRISTO HABITA,,
291,Mas Dios muestra su amor,TEGUCIGALPA,,
292,Porque hay un solo Dios,UN DIOS Y MEDIADOR,,
293,"Oh, bondad tan infinita",PRECIOUS NAME,,
294,Cúan profundo es tu amor,CHICAGO,,
295,Dios al mundo amó,LLOYD,,
296,Nuestro Dios nos salvó,PATZICIA,,
297,"A ti me vuelvo, gran Señor que alzaste",,,
298,¿Qué me puede dar perdón?,PLAINFIELD,,
299,Por fe contemplo redención,CLEANSING WAVE,,
300,Sublime gracia del Señor,AMAZING GRACE,,
301,Sabes dónde hay una fuente pura de divino amor,,,
302,Sin Cristo yo no tengo nada,WITHOUT HIM,,
303,¿Vives cansado y triste?,DO YOU KNOW MY JESUS?,,
304,¿Has hallado en Cristo tu buen Salvador?,WASHED IN THE BLOOD,,
305,Ven a los pies de Jesús,VEN A LOS PIES,,
306,Cristo la ruta para tu felicidad,,,
307,Nuestra vida acabará,BE IN TIME,,
308,Tal como soy de pecador,WOODWORTH,,
309,Vagué sediento en el pecado abrumador,LIVING WATER,,
310,"Pecador, ven a Cristo Jesús",SWEET BY AND BY,,
311,¿Quieres ser salvo de toda maldad?,POWER IN THE BLOOD,,
312,A Jesucristo ven sin tardar,COME TO THE SAVIOR,,
313,"Ven amigo a Jesús, pues él murió por ti",VEN AMIGO A JESUS,,
314,Ya mi vida se la debo a Jesús,VIDA NUEVA ENCONTRE,,
315,Eran cien ovejas,VISION PASTORAL,,
316,Con voz benigna te llama Jesús,CALLING TODAY,,
317,"Oh Señor, recíbeme cual soy",RECIBEME,,
318,"A los sedientos, venid a las aguas",RIDER,,
319,Vino una mujer de Samaria a sacar agua,,,
320,Cual la mar hermosa es la paz de Dios,,,
321,"Paz con Dios, busqué ganarla",THE SAVIOR'S PEACE,,
322,Años mi alma en vanidad vivió,CALVARY,,
323,Lejos de mi Padre Dios,NEAR THE CROSS,,
324,"Jamás, jamás mis pecados contará",NO MORE,,
325,En el monte Calvario se vio una cruz,,,
326,Largos años vagué por el valle de mal,OLD RUGGED CROSS,,
327,Hallé un buen amigo,SALVATIONIST,,
328,Solamente en Cristo,SOLAMENTE EN CRISTO,,
329,Fuente de la vida eterna,NETTLETON,,
330,Hay una senda que el mundo no conoce,HAY UNA SENDA,,
331,Con Jesús un día me encontré,TECUN UMAN,,
332,Vagaba por el mundo sin fe,SOY FELIZ,,
333,Una vez perdido vivía yo,A NEW NAME IN GLORY,,
334,Cuán bueno es Dios,GOD IS SO GOOD,,
335,"Dios, que es rico en misericordia",,,
336,Consado y triste vine al Salvador,HE TOOK MY SINS AWAY,,
337,Cuan glorioso es el cambio operado en mi ser,McDANIEL,,
338,"Junto a la cruz, do murió el Salvador",GLORY TO HIS NAME,,
339,Comprado con sangre por Cristo,REDEEMED,,
340,Escogido fui de Dios en al Amado,ESCOGIDO,,
341,Dios nos ha dado vida eterna,VIDA ETERNA,,
342,Un gran Salvador es Jesús el Señor,KIRKPATRICK,,
343,"Yo te bendigo, oh mi Rendentor",EVENTIDE,,
344,No sé por qué la gracia del Señor,EL NATHAN,,
345,Mi fe descansa en Jesús,LANDÅS,,
346,"Del amor divino, ¿quién me apartará?",WYE VALLEY,,
347,Bajo sus alas habito seguro,HINGHAM,,
348,Pues si vivimos,SOMOS DEL SEÑOR,,
349,Del santo amor de Cristo que no tendrá su igual,NAYLOR,,
350,Confío en Jesús,WAKEFIELD,,
351,"Amarte sólo a ti, Señor",AMARTE,,
352,Cristo el Señor me ama por siempre,ELLSWORTH,,
353,Un mandamiento nuevo os doy,MANDAMIENTO NUEVO,,
354,Si yo hablase en lenguas,1 CORINTIOS 13,,
355,La gente de nuestro tiempo,AMOR ES,,
356,Mi paz te doy a ti,MY PEACE,,
357,"Amor, amor, amor, amor","LOVE, LOVE",,
358,Somos uno en espíritu,ST. BRENDAN'S,,
359,El gozo del Señor mi fortaleza es,THE JOY OF THE LORD,,
360,Canten con alegría las alabanzas de Cristo el Rey,CANTEN CON ALEGRIA,,
361,Grande gozo hay en mi alma hoy,SUNSHINE,,
362,"Solo no estoy, Jesús esta a mi lado",I'M NOT ALONE,,
363,Oh mi santo Dios,TY MOI BOJ SVYATOI,,
364,"Jehová es mi Pastor, me apacienta con amor",IN HEAVENLY PASTURES,,
365,Los que esperan en Jehová,EL PALMAR,,
366,En Jesucristo se halla la paz,ASSURANCE,,
367,Se oculta el sol,CATALUÑA,,
368,Día en día Cristo está conmigo,BLOTT EN DAG,,
369,Cuando Cristo vino a mi corazón,CRISTO VINO,,
370,"Justificados, pues, por la fe",,,
371,¡Cuán dulce es confiar en Cristo,TRUST IN JESUS,,
372,Jesús me pastorea,SHEPHERD,,
373,De paz inundada mi senda esté,VILLE DU HAVRE,,
374,Sigo confiando en Jesús,I JUST KEEP TRUSTING,,
375,He visto el fúlgido rayo,NEVER ALONE,,
376,Tú guardarás en completa paz,CONFIAD,,
377,"Descanso en ti, mi Defensor y Escudo",FINLANDIA,,
378,Noble sostén de la esperanza mía,NOBLE SOSTEN,,
379,David dijo a su hijo,ANIMATE,,
380,"Límpiame, Señor, de toda mi maldad",SET MY SPIRIT FREE,,
381,De una misma boca proceden,,,
382,"Mi corazón, oh examina hoy",MAORI,,
383,"Si fui motivo de dolor, oh Cristo",SI FUI MOTIVO,,
384,"Haz lo que quieras de mí, Señor",ADELAIDE,,
385,Jehová tardo para la ira,PERDON,,
386,Cristo es mi dulce Salvador,ELIZABETH,,
387,Dulce comunión la que gozo ya,SHOWALTER,,
388,Hay momentos que las palabras no me alcanzan,HAY MOMENTOS,,
389,"Amarte, Dios, es lo mejor que puedo hacer",THE GREATEST THING,,
390,Con Cristo he sido juntamente,GALATAS 2:20,,
391,Yo fui peregrino errabundo,SURELY GOODNESS AND MERCY,,
392,Lo que hemos visto y oído,,,
393,A los pies de Jesucristo,ALL FOR JESUS,,
394,Cuando andamos con Dios,TRUST AND OBEY,,
395,"¡Oh, Cristo! yo te amo que mío eres sé",GORDON,,
396,"Oh Cristo mío, Rey de mi alma",GILLAM,,
397,En mis angustias me ayuda Jesús,WHITTLE,,
398,Pacientemente le esperé,"YES, HE DID",,
399,Al Señor esperé pacientemente,,,
400,Quiero cantar una linda canción,LINDA CANCION,,
401,"Mi pensamiento eres tú, Señor",PENSAMIENTO,,
402,Yo soy la vid y mi Padre el Labrador,LA VID Y LOS PAMPANOS,,
403,"Oh Dios, revélame tu voluntad",BETHANY,,
404,"Oh, deja que el Señor te envuelva",SPIRIT SONG,,
405,¡Cuán dulce el nombre de Jesús,EVAN,,
406,Si dejas tú que Dios te guíe,NEUMARK,,
407,"Me guía él, con cuánto amor",HE LEADETH ME,,
408,Cristo es Guía de mi vida,ALL THE WAY,,
409,Un día el mundo dejaré,JESUS LED ME,,
410,Que mi vida entera esté,ENTIRE CONSECRATION,,
411,"Cautívame, Señor",ORBE,,
412,¡Oh! yo quiero andar con Cristo,LAFAYETTE,,
413,He decidido seguir a Cristo,ASSAM,,
414,"Oh Cristo mío, yo anhelo agradarte",ANHELO AGRADARTE,,
415,Busca primero el reino de Dios,LAFFERTY,,
416,"Cristo, fiel te quiero ser",FAITHFUL,,
417,Sed puros y santos,SLANE,,
418,"Señor, tú me llamas por mi nombre desde lejos",PUEYRREDON,,
419,"Yo quiero ser, Señor amado",VASO NUEVO,,
420,"Te vengo a decir, te vengo a decir, oh mi Salvador",ISAIS,,
421,"Con mis labios y mi vida te alabo, Señor",CON MIS LABIOS,,
422,Que el sentir de Jesucristo,TRANQUILITY,,
423,Hazme un instrumento de tu paz,XELAJÚ-PATZÚN,,
424,"Dejo el mundo, y sigo a Cristo",GIVE ME JESUS,,
425,Bendito el Señor por su poder,BENDITO EL SEÑOR,,
426,Tú has venido a la orilla,PESCADOR DE HOMBRES,,
427,En tus afanes y en tu dolor,GOD CARES,,
428,Muchas veces he pensado,THROUGH IT ALL,,
429,Yo no quiero pecar,NO QUIERO PECAR,,
430,"Cuando tentado, yo he deseado",FARTHER ALONG,,
431,"Tentado, no cedas, ceder es pecar",YIELD NOT,,
432,"Cristo guarda siempre, puedo en él confiar",I SHALL NOT BE MOVED,,
433,Después de la tormenta viena la calma,PUERTO RICO,,
434,Oí bendita historia,HARTFORD,,
435,Débil soy; tu fuerza es tal,CLOSER WALK,,
436,Cuando combatido por la adversidad,BLESSINGS,,
437,"Yo quiero vencer, yo quiero triunfar por fe en mi Cristo",YO QUIERO VENCER,,
438,Su gracia es mayor si las cargas aumentan,HE GIVETH MORE GRACE,,
439,"Señor, en este mundo de misterio",,,
440,Pon tus ojos en Cristo,LEMMEL (Coro),,
441,Jehová-jireh es mi Proveedor,JEHOVA-JIREH,,
442,Mas él conoce mi camino,[Mas él conoce mi camino],,
443,El Señor es bueno,JOB/NAHUM,,
444,Mi corazón cantando está de Cristo,UNTIL THEN,,
445,Pues tengo por cierto,,,
446,¡Regocijad en el Señor!,REJOICE,,
447,"Dad gracias, de todo corazón",GIVE THANKS,,
448,¿Quiénes son los que han venido?,A GLORIOUS CHURCH,,
449,Una iglesia prefiere mi alma,LITTLE BROWN CHURCH,,
450,De la Iglesia el fundamento,AUSTRIA,,
451,"Iglesia de Cristo, reanima tu amor",LYONS,,
452,Vosotros sois el cuerpo de Cristo,,,
453,En la Iglesia la gloria es para él,EN LA IGLESIA,,
454,¡Ardan nuestros corazones adorando al Salvador,,,
455,"Dios de gracia, Dios de gloria",CWM RHONDDA,,
456,"Hoy, por los santos que descansan ya",SINE NOMINE,,
457,Soy feliz porque soy de la familia de Dios,FAMILY OF GOD,,
458,Todos somos miembros de un solo cuerpo,UN SOLO CUERPO,,
459,"Señor, tú me has puesto en una familia muy especial",,,
460,"Amémonos, hermanos",MUNICH,,
461,Somos uno en Cristo,SOMOS UNO,,
462,Porque de la manera,,,
463,"Miren qué bueno, que bueno es",FLORES,,
464,Nuevas alegres para decirles,NUEVAS ALEGRES,,
465,No te dé temor hablar por Cristo,NEVER BE AFRAID,,
466,Si sientes compasión por tus amigos,TESTIFICA,,
467,"Recibiréis poder, recibiréis poder",GRAN COMISION,,
468,Grato es decir la historia,HANKEY,,
469,En el nombre del Señor Jesús,"FREELY, FREELY",,
470,"Vamos, todos con gran decisión",VAMOS,,
471,Los que con lágrimas sembraron,LOS QUE CON LÁGRIMAS,,
472,Anhelo trabajar por el Señor,I WANT TO BE A WORKER,,
473,El mundo hoy se encuentra en agonía,EL CONDOR PASA,,
474,Ved los millones que entre las tinieblas viven,"FAR, FAR AWAY",,
475,Hasta lo último,BLUE,,
476,"Por tanto, id, y haced discípulos a todas las naciones",,,
477,Mensajeros del Maestro,BEECHER,,
478,La paz os dejo,ISRAELI,,
479,"Heme aquí, yo iré",WITT,,
480,"¡A prisa, Iglesia! tu Señor espera",TIDINGS,,
481,Y ¿cómo podrán invocar,GULARTE,,
482,¡Oh qué amigo nos es Cristo!,CONVERSE,,
483,Deléitate asimismo en el Señor,DELEITATE,,
484,"De día, mandará el Señor su misericordia",,,
485,A solas al huerto yo voy,GARDEN,,
486,"Oh Señor, de mañana oirás mi voz",OIRAS MI VOZ,,
487,"Cristo, queremos dar gracias",THANK YOU,,
488,"Gracias, oh Señor, por escucharnos hoy",HEAR OUR PRAYER,,
489,Abre mis ojos,OPEN OUR EYES,,
490,Cuandro estés cansado y abatido,DAYTON,,
491,Padre nuestro celestial,TAJUMULCO,,
492,"Gracias damos, Señor, por el pan",GRACIAS DAMOS,,
493,"Dulce oración, dulce oración",SWEET HOUR,,
494,Estamos aquí,FAMILY SONG,,
495,"Por estos alimentos, Dios",BEDANKT,,
496,"¿Has oído, Señor, mis oraciones?",MIS ORACIONES,,
497,"Avívanos, Señor",WOODSTOCK (Coro),,
498,Yo te sirvo porque te amo,SERVING,,
499,Recorría Jesús todas las ciudades y aldeas,,,
500,A servir a Cristo sin temor iré,ANYWHERE,,
401,"Mi pensamiento eres tú, Señor",PENSAMIENTO,,
402,Yo soy la vid y mi Padre el Labrador,LA VID Y LOS PAMPANOS,,
403,"Oh Dios, revélame tu voluntad",BETHANY,,
404,"Oh, deja que el Señor te envuelva",SPIRIT SONG,,
405,¡Cuán dulce el nombre de Jesús,EVAN,,
406,Si dejas tú que Dios te guíe,NEUMARK,,
407,"Me guía él, con cuánto amor",HE LEADETH ME,,
408,Cristo es Guía de mi vida,ALL THE WAY,,
409,Un día el mundo dejaré,JESUS LED ME,,
410,Que mi vida entera esté,ENTIRE CONSECRATION,,
411,"Cautívame, Señor",ORBE,,
412,¡Oh! yo quiero andar con Cristo,LAFAYETTE,,
413,He decidido seguir a Cristo,ASSAM,,
414,"Oh Cristo mío, yo anhelo agradarte",ANHELO AGRADARTE,,
415,Busca primero el reino de Dios,LAFFERTY,,
416,"Cristo, fiel te quiero ser",FAITHFUL,,
417,Sed puros y santos,SLANE,,
418,"Señor, tú me llamas por mi nombre desde lejos",PUEYRREDON,,
419,"Yo quiero ser, Señor amado",VASO NUEVO,,
420,"Te vengo a decir, te vengo a decir, oh mi Salvador",ISAIS,,
421,"Con mis labios y mi vida te alabo, Señor",CON MIS LABIOS,,
422,Que el sentir de Jesucristo,TRANQUILITY,,
423,Hazme un instrumento de tu paz,XELAJÚ-PATZÚN,,
424,"Dejo el mundo, y sigo a Cristo",GIVE ME JESUS,,
425,Bendito el Señor por su poder,BENDITO EL SEÑOR,,
426,Tú has venido a la orilla,PESCADOR DE HOMBRES,,
427,En tus afanes y en tu dolor,GOD CARES,,
428,Muchas veces he pensado,THROUGH IT ALL,,
429,Yo no quiero pecar,NO QUIERO PECAR,,
430,"Cuando tentado, yo he deseado",FARTHER ALONG,,
431,"Tentado, no cedas, ceder es pecar",YIELD NOT,,
432,"Cristo guarda siempre, puedo en él confiar",I SHALL NOT BE MOVED,,
433,Después de la tormenta viena la calma,PUERTO RICO,,
434,Oí bendita historia,HARTFORD,,
435,Débil soy; tu fuerza es tal,CLOSER WALK,,
436,Cuando combatido por la adversidad,BLESSINGS,,
437,"Yo quiero vencer, yo quiero triunfar por fe en mi Cristo",YO QUIERO VENCER,,
438,Su gracia es mayor si las cargas aumentan,HE GIVETH MORE GRACE,,
439,"Señor, en este mundo de misterio",,,
440,Pon tus ojos en Cristo,LEMMEL (Coro),,
441,Jehová-jireh es mi Proveedor,JEHOVA-JIREH,,
442,Mas él conoce mi camino,[Mas él conoce mi camino],,
443,El Señor es bueno,JOB/NAHUM,,
444,Mi corazón cantando está de Cristo,UNTIL THEN,,
445,Pues tengo por cierto,,,
446,¡Regocijad en el Señor!,REJOICE,,
447,"Dad gracias, de todo corazón",GIVE THANKS,,
448,¿Quiénes son los que han venido?,A GLORIOUS CHURCH,,
449,Una iglesia prefiere mi alma,LITTLE BROWN CHURCH,,
450,De la Iglesia el fundamento,AUSTRIA,,
451,"Iglesia de Cristo, reanima tu amor",LYONS,,
452,Vosotros sois el cuerpo de Cristo,,,
453,En la Iglesia la gloria es para él,EN LA IGLESIA,,
454,¡Ardan nuestros corazones adorando al Salvador,,,
455,"Dios de gracia, Dios de gloria",CWM RHONDDA,,
456,"Hoy, por los santos que descansan ya",SINE NOMINE,,
457,Soy feliz porque soy de la familia de Dios,FAMILY OF GOD,,
458,Todos somos miembros de un solo cuerpo,UN SOLO CUERPO,,
459,"Señor, tú me has puesto en una familia muy especial",,,
460,"Amémonos, hermanos",MUNICH,,
461,Somos uno en Cristo,SOMOS UNO,,
462,Porque de la manera,,,
463,"Miren qué bueno, que bueno es",FLORES,,
464,Nuevas alegres para decirles,NUEVAS ALEGRES,,
465,No te dé temor hablar por Cristo,NEVER BE AFRAID,,
466,Si sientes compasión por tus amigos,TESTIFICA,,
467,"Recibiréis poder, recibiréis poder",GRAN COMISION,,
468,Grato es decir la historia,HANKEY,,
469,En el nombre del Señor Jesús,"FREELY, FREELY",,
470,"Vamos, todos con gran decisión",VAMOS,,
471,Los que con lágrimas sembraron,LOS QUE CON LÁGRIMAS,,
472,Anhelo trabajar por el Señor,I WANT TO BE A WORKER,,
473,El mundo hoy se encuentra en agonía,EL CONDOR PASA,,
474,Ved los millones que entre las tinieblas viven,"FAR, FAR AWAY",,
475,Hasta lo último,BLUE,,
476,"Por tanto, id, y haced discípulos a todas las naciones",,,
477,Mensajeros del Maestro,BEECHER,,
478,La paz os dejo,ISRAELI,,
479,"Heme aquí, yo iré",WITT,,
480,"¡A prisa, Iglesia! tu Señor espera",TIDINGS,,
481,Y ¿cómo podrán invocar,GULARTE,,
482,¡Oh qué amigo nos es Cristo!,CONVERSE,,
483,Deléitate asimismo en el Señor,DELEITATE,,
484,"De día, mandará el Señor su misericordia",,,
485,A solas al huerto yo voy,GARDEN,,
486,"Oh Señor, de mañana oirás mi voz",OIRAS MI VOZ,,
487,"Cristo, queremos dar gracias",THANK YOU,,
488,"Gracias, oh Señor, por escucharnos hoy",HEAR OUR PRAYER,,
489,Abre mis ojos,OPEN OUR EYES,,
490,Cuandro estés cansado y abatido,DAYTON,,
491,Padre nuestro celestial,TAJUMULCO,,
492,"Gracias damos, Señor, por el pan",GRACIAS DAMOS,,
493,"Dulce oración, dulce oración",SWEET HOUR,,
494,Estamos aquí,FAMILY SONG,,
495,"Por estos alimentos, Dios",BEDANKT,,
496,"¿Has oído, Señor, mis oraciones?",MIS ORACIONES,,
497,"Avívanos, Señor",WOODSTOCK (Coro),,
498,Yo te sirvo porque te amo,SERVING,,
499,Recorría Jesús todas las ciudades y aldeas,,,
500,A servir a Cristo sin temor iré,ANYWHERE,,
501,Solamente temed a Jehová,CHIMALTENANAGO,,
502,"Sed fieles, hermanos",SINFONIA-BRAHMS,,
503,"¡Despertad, despertad, oh cristianos!",PUEBLA,,
504,"Oh, háblame y hablaré",CANONBURY,,
505,Demos con alegría,TODO LO QUE RESPIRA,,
506,¿Qué podemos ofrendar?,,,
507,"Oh, cumple tu ministerio en la obra del Señor",CUMPLE TU MINISTERIO,,
508,Todos recibieron sus talentos del Señor,LOS TALENTOS,,
509,Ofrenda al Señor porque él es bueno,OFRENDA,,
510,"Vengo rendido a tus pies, Señor",LA PRADA,,
511,Gozo da servir a Cristo,JOY IN SERVING JESUS,,
512,En las aguas de la muerte,BEAUTIFUL RIVER,,
513,Los que somos bautizados,NETTLETON,,
514,Yo vivía en el pecado,ALL THE WAY,,
515,Con Cristo estoy juntamente crucificado,,,
516,La cruz excelsa al contemplar,HAMBURG,,
517,Obediente a tu mandato,CONVERSE,,
518,Rey de mi vida tú eres ya,DUNCANNON,,
519,Aquí del pan partido tomaré,EVENTIDE,,
520,"Hoy venimos, cual hermanos",DORRANCE,,
521,"Llegamos a tu mesa, oh Señor",LLEGAMOS A TU MESA,,
522,Es la cena del Señor,MADRID,,
523,La copa de bendición que bendecimos,,,
524,Hay un precioso manantial,CLEANSING FOUNTAIN,,
525,Cristo extiende su mano,VENGAN A LA MESA,,
526,Cristo su preciosa sangre,MESQUITE,,
527,Recordad al Señor,LIFT HIM UP,,
528,"Siervos de Jesús, hombres de verdad",BATTLE CRY,,
529,"A ti, oh Señor, levantaré mi alma",SALMO 25,,
530,Soldados del Señor Jesús,SANKEY,,
531,"Por lo demás, fortaleceos en el Señor",,,
532,¡A combatir! resuena la guerrera voz,THE FIGHT IS ON,,
533,¡Estad por Cristo firmes,WEBB,,
534,Cual pendón hermoso,ROYAL BANNER,,
535,Es el Dios de los ejércitos en quien yo confiaré,BATTLE HYMN,,
536a,"¡Sin Ti, Jesús, nacemos solamente para morir",,,
536b,Tras la noche tenebrosa,,,
537,"Tampoco queremos, hermanos",,,
538,Soy yo soldado de Jesús,WEAR A CROWN,,
539,"Firmes y adelante, huestes de la fe",ST. GERTRUDE,,
540,Sale a la lucha el Salvador,,,
541,A la victoria Jesús nos llama,A LA VICTORIA,,
542,"Cristo, nuestro Jefe",CHRIST IS OUR CAPTAIN,,
543,"Ya Cristo viene, lo prometió",YA CRISTO VIENE,,
544,La venida de Cristo se acerca,LA VENIDA DE CRISTO,,
545,Notas alegres cantad,COMING AGAIN,,
546,Un día Cristo volverá,ALOHA OE,,
547,Nadie sabe la hora,VALSEQUILLO,,
548,"¡Oh, el Rey ya viene, el Rey ya viene!",KING IS COMING (coro),,
549,Cuán gloriosa será la mañana,MAÑANA GLORIOSA,,
550,Con las nubes viene Cristo,REGENT SQUARE,,
551,Cuando anuncie el arcángel,ROLL CALL,,
552,Si el poder del Espíritu,PODER,,
553,Muy cercano está el día,CENTRAL FOUNTAIN,,
554,Es mi Salvador eterno,DIAPASON,,
555,Los cielos se abren con gloria indecible,WE SHALL BEHOLD HIM,,
556,En presencia estar de Cristo,FACE TO FACE,,
557,Yo sólo espero ese día,YO SOLO ESPERO ESE DIA,,
558,Pudiera bien ser cuando el día amanezca,CHRIST RETURNETH,,
559,Cuando al fin se termine aquí mi vida terrenal,I SHALL KNOW HIM,,
560,Roca de la eternidad,TOPLADY,,
561,"Es Señor de los cielos, la tierra y el mar",WE BOW DOWN,,
562,"No me mueve, mi Dios, para quererte",,,
563,Hay un río que fluye sin cesar,WAIWAI,,
564,Aunque en esta vida no tengo riquezas,MAS ALLA DEL SOL,,
565,Mansión gloriosa tengo yo en el cielo,MANSION,,
566,No se turbe vuestro corazón,SIGUATEPEQUE,,
567,En la mansión do Cristo está,HIGHER GROUND,,
568,Cuando mis luchas terminen aquí,GLORY SONG,,
569,Sabemos que si nuestra casa terrenal,,,
570,Alabanzas dad a Cristo,HEAVEN,,
571,"¡Oh, Cristo, Rey de reyes!",,,
572,"Cristo me ama, me ama a mí",CHINA,,
573,"Jesús me ama, vino a salvarme",GOTT IST DIE LIEBE,,
574,"Cristo me ama, esto sé",DER HAHN,,
575,Gozo me da la Palabra leer,GLADNESS,,
576,"""¡Dejad a los niños que vengan!""",DEJAD A LOS NIÑOS,,
577,Fue al pie de unas palmeras,,,
578,Acuérdate de tu Creador,ACUERDATE,,
579,Corazones siempre alegres,RIVEROS,,
580,Quince años Dios te concede,QUINCEAÑERA,,
581,Lo que soy y lo que puedo,,,
582,"Proclamad, juventud redimida",ADELANTE JUVENTUD,,
583,"Dios, Dios mío eres tú",SALMO 63,,
584,Acuérdate de tu Creador en los días de tu juventud,,,
585,"El Rey persa, buscando otra reina",ESTER,,
586,Pero habla tú lo que está de acuerdo,,,
587,¿Quién está en las huestes del buen Salvador,RACHIE,,
588,Mas Jehová estaba con José,JOSÉ,,
589,Dicha grande es la del hombre,BEECHER,,
590,Las mujeres cristianas trabajan,WHAT MUST IT BE,,
591,Nació entre ídolos Rut en Moab,RUT,,
592,"Perfecto amor, que al hombre es transcendente",O PERFECT LOVE,,
593,Dios bendiga las almas unidas,PUEBLA,,
594,"Padre eterno, hoy humildemente",GONZÁLEZ,,
595,"Esposas, estad sujetas a vuestros esposos",,,
596,Dios ordenó la familia,SETECA,,
597,Gran felicidad se goza en el hogar,ARGENTINA,,
598,Cuando las bases de este mundo tiemblan,TIDINGS,,
599,Danos un bello hogar,CHRISTIAN HOME,,
600,"Dios, el Creador y Dueño",AUSTRIA,,
601,Hay un lugar que Dios me dio,FAMILIA FELIZ,,
602,Dar quiso Dios al hombre compañía,,,
603,"Ante tu presencia, Dios",MADRID,,
604,Ante nuestro Padre Dios,,,
605,Hoy reconocemos con amor y alegría,IRENE,,
606,Tú honraste a las madres,HYMN TO JOY,,
607,A mi madre tan querida,HAINSWORTH,,
608,Un año más nos da el Salvador,WILLIAMSPORT,,
609,Dad a Dios inmortal alabanza,,,
610,Principia un año nuevo,AURELIA,,
611,Con alegres corazones,REJOICE AND SING,,
612,"Feliz, feliz cumpleaños",A HAPPY BIRTHDAY,,
613,Nuestra patria será para Cristo,NUESTRA PATRIA,,
614,América será para Cristo,AMERICA SERA PARA CRISTO,,
615,"Te damos gracias, Dios, por nuestra amada patria",,,
616,"A Dios, naciones, dad loor",TALLIS' CANON,,
617,"Supremo Dios, te ruego por mi patria",FLEMMING,,
618,"Exhorto, pues, ante todo que se hagan rogativas",,,
619,"Alabad a Jehová, naciones todas",SALMO 117,,
620,Dios os guarde siempre en santo amor,GOD BE WITH YOU,,
621,"Gracias, Dios, por los pastores","TRAMP, TRAMP, TRAMP",,
622,Hoy damos gracias al Señor por ti,,,
623,Este templo dedicamos a tu gloria,GIVE ME JESUS,,
624,A Dios el Padre celestial,OLD 100,,
625,Celebremos el amor de Dios,PLANO,,
626,Gloria demos al Padre,MEINEKE,,
627,"Alabad a Jehová, porque él es bueno",,,
628,Porque para siempre su misericordia,SALMO 136,,
629,"Eterno Rey, celebraremos tu gloria",CORO DE LOS PEREGRINOS,,
630,"Tu pueblo calla ante ti, Señor",QUAM DILECTA,,
631,Te alabamos ¡oh Señor!,,,
632,Engrandecido sea Dios,DIADEM,,
633,"Ven, te invito a cantar al Señor",VEN TE INVITO,,
634,"Cantad alegres, cantad a Dios",SALMO 100,,
635,Con gran gozo y placer,OVER JORDAN,,
636,¡Hola! ¿Cómo estás?,CARPINTEYRO,,
637,En la escuela dominical,KUM BAI YA,,
638,Engrandecido seas,HIDALGO,,
639,Tu pueblo jubiloso,AURELIA,,
640,Oh Padre en los cielos,WEST INDIES,,
641,Padre nuestro que estás en los cielos,,,
642,Del Señor es la tierra y todo lo que hay en ella,,,
643,Creo en Dios Padre Todopoderoso,,,
644,En Señor te bendiga y te guarde,,,
645,Sagrado es el amor,DENNIS,,
646,"Después, Señor, de haber tenido aquí",ELLERS,,
647,El Señor te bendiga te guarde,LUTKIN,,
648,Amén,SEVENFOLD-LUTKIN,,
649,Amén,DANES,,
650,Amén,DRESDEN,,
651,Amén,AFRO-AMERICAN,,
652,Al que está sentado,AL QUE ESTA SENTADO,,
